{
    "todos": [
        {
            "todo": "lavare la macchina",
            "completed": true,
            "id": 2
        },
        {
            "todo": "Portare fuori il cane",
            "completed": true,
            "id": 3
        },
        {
            "todo": "sdsdsd",
            "completed": true,
            "id": 4
        },
        {
            "todo": "Andare a lavorare",
            "completed": false,
            "id": 5
        },
        {
            "todo": "sas",
            "completed": true,
            "id": 6
        },
        {
            "todo": "comperare del pane",
            "completed": false,
            "list": "1",
            "id": 7
        },
        {
            "todo": "portare la borsa",
            "completed": false,
            "list": "2",
            "id": 8
        },
        {
            "todo": "portare i guantoni",
            "completed": false,
            "list": 2,
            "id": 9
        },
        {
            "todo": "portare asciugamano",
            "completed": false,
            "list": 2,
            "id": 10
        },
        {
            "todo": "cxcxc",
            "completed": false,
            "list": 1,
            "id": 11
        },
        {
            "todo": "xcxc",
            "completed": false,
            "list": 1,
            "id": 12
        },
        {
            "todo": "xcxc",
            "completed": false,
            "list": 2,
            "id": 13
        },
        {
            "todo": "xcxc",
            "completed": false,
            "list": 2,
            "id": 14
        }
    ],
    "activeFilter": {
        "filter": "ALL"
    },
    "lists": [
        {
            "name": "Mercato",
            "id": 1
        },
        {
            "name": "Palestra",
            "id": 2
        }
    ]
}